,,company_location
0,,U.S.A
3,,France
28,,U.S.A
32,,Fiji
36,,Vanuatu
40,,Ecuador
42,,Mexico
43,,Switzerland
46,,France
52,,Netherlands
56,,U.S.A
67,,U.S.A
76,,Spain
80,,Peru
82,,Canada
88,,Italy
101,,Brazil
106,,U.S.A
107,,U.S.A
108,,France
112,,U.S.A
144,,Nicaragua
148,,U.k.
163,,U.k.
164,,U.S.A
170,,Australia
171,,Philippines
175,,Australia
180,,Brazil
181,,Peru
183,,U.S.A
186,,U.S.A
193,,Wales
194,,U.S.A
197,,U.k.
198,,U.k.
200,,U.S.A
204,,Belgium
208,,U.S.A
211,,Vietnam
212,,Germany
215,,Singapore
218,,Belgium
224,,France
225,,Switzerland
233,,U.S.A
237,,Venezuela
240,,U.S.A
254,,U.S.A
258,,U.S.A
261,,U.k.
262,,Spain
264,,U.S.A
270,,U.S.A
271,,Malaysia
274,,France
302,,Ecuador
303,,U.S.A
304,,U.S.A
306,,U.S.A
318,,U.S.A
324,,U.S.A
325,,Australia
329,,Russia
330,,U.S.A
331,,U.k.
333,,U.S.A
338,,South korea
339,,Taiwan
341,,Canada
344,,Puerto rico
345,,U.S.A
349,,France
354,,Switzerland
357,,Venezuela
367,,Colombia
374,,U.S.A
375,,U.S.A
379,,Spain
388,,Japan
391,,Peru
392,,Peru
393,,Ecuador
397,,Italy
404,,U.S.A
409,,Ecuador
415,,New zealand
417,,Costa rica
422,,Colombia
427,,U.S.A
428,,Brazil
430,,U.S.A
447,,U.S.A
451,,Canada
452,,France
454,,U.S.A
455,,Ecuador
457,,U.S.A
460,,U.k.
461,,Germany
463,,South korea
465,,Hungary
467,,U.k.
471,,U.S.A
473,,U.S.A
475,,U.S.A
482,,U.S.A
483,,Netherlands
486,,Scotland
492,,Belgium
493,,Canada
494,,U.S.A
497,,Spain
505,,U.S.A
507,,Canada
512,,Martinique
513,,Canada
514,,Peru
515,,U.S.A
522,,U.S.A
523,,U.S.A
524,,Sao tome
527,,U.S.A
528,,Canada
529,,St. lucia
530,,U.S.A
531,,U.S.A
532,,U.S.A
533,,Germany
551,,Australia
558,,U.S.A
560,,U.S.A
563,,Australia
565,,U.S.A
566,,U.k.
571,,U.S.A
589,,U.S.A
592,,Guatemala
601,,U.S.A
604,,Belgium
606,,U.S.A
611,,U.S.A
615,,Brazil
617,,South africa
619,,U.S.A
625,,France
627,,Dominican republic
630,,Canada
632,,U.S.A
635,,U.S.A
652,,Sao tome & principe
656,,U.k.
660,,Belgium
662,,Italy
684,,U.k.
691,,U.S.A
694,,U.k.
710,,U.S.A
711,,U.S.A
717,,Canada
720,,Canada
722,,U.S.A
723,,U.S.A
724,,Germany
725,,Bolivia
727,,Venezuela
734,,U.S.A
735,,St. lucia
737,,Japan
739,,France
743,,U.S.A
748,,France
751,,U.S.A
756,,U.S.A
761,,U.S.A
765,,U.S.A
766,,U.S.A
767,,Portugal
770,,Switzerland
777,,U.S.A
781,,Canada
785,,U.k.
789,,U.S.A
793,,Norway
796,,U.k.
797,,Puerto rico
799,,Singapore
809,,New zealand
816,,Venezuela
825,,Belgium
830,,U.S.A
841,,U.S.A
872,,U.S.A
874,,U.S.A
877,,Denmark
890,,Denmark
902,,U.S.A
913,,Taiwan
917,,U.S.A
918,,Germany
927,,U.S.A
929,,U.S.A
930,,U.S.A
932,,U.S.A
936,,U.S.A
937,,Vietnam
938,,U.k.
939,,Japan
941,,Grenada
944,,Italy
950,,U.S.A
972,,Canada
980,,Germany
981,,Ecuador
983,,U.S.A
988,,U.k.
990,,U.S.A
993,,Germany
994,,Netherlands
997,,U.S.A
998,,U.S.A
999,,U.S.A
1003,,U.S.A
1004,,U.S.A
1005,,U.S.A
1006,,U.S.A
1008,,U.S.A
1010,,U.S.A
1020,,New zealand
1026,,Ecuador
1031,,Israel
1040,,South africa
1041,,U.k.
1046,,U.k.
1060,,Canada
1068,,Switzerland
1078,,India
1079,,U.S.A
1081,,U.S.A
1083,,Scotland
1085,,U.S.A
1089,,St.vincent-grenadines
1090,,U.S.A
1092,,U.S.A
1093,,U.S.A
1094,,U.S.A
1104,,Czech republic
1106,,Thailand
1110,,Dominican republic
1114,,Dominican republic
1115,,U.S.A
1119,,Spain
1122,,Ecuador
1130,,U.S.A
1131,,Mexico
1132,,Canada
1133,,U.S.A
1134,,Netherlands
1142,,U.S.A
1149,,U.S.A
1153,,U.S.A
1157,,U.S.A
1166,,U.S.A
1167,,U.S.A
1171,,France
1174,,France
1184,,Mexico
1187,,France
1197,,U.S.A
1201,,U.k.
1204,,U.S.A
1205,,Belgium
1208,,U.S.A
1221,,Finland
1222,,Finland
1223,,U.S.A
1229,,Switzerland
1230,,Puerto rico
1231,,U.S.A
1237,,U.S.A
1238,,Taiwan
1242,,Brazil
1244,,Colombia
1248,,U.S.A
1250,,Madagascar
1254,,U.S.A
1265,,Italy
1269,,Italy
1270,,Madagascar
1272,,Philippines
1273,,Thailand
1274,,U.S.A
1276,,Sweden
1277,,U.S.A
1281,,Colombia
1282,,U.S.A
1291,,Poland
1298,,U.S.A
1312,,Peru
1315,,Canada
1316,,U.S.A
1317,,Vietnam
1328,,U.S.A
1330,,Austria
1333,,U.S.A
1351,,Australia
1355,,U.S.A
1362,,U.S.A
1363,,Canada
1365,,U.S.A
1370,,Denmark
1374,,Madagascar
1376,,Honduras
1382,,Brazil
1383,,Sweden
1385,,Australia
1387,,Netherlands
1388,,Germany
1389,,France
1402,,U.S.A
1413,,Belgium
1417,,U.S.A
1419,,Belgium
1422,,Japan
1426,,U.S.A
1428,,Japan
1429,,U.a.e.
1433,,Czech republic
1434,,Brazil
1437,,U.S.A
1440,,U.S.A
1445,,U.S.A
1448,,Nicaragua
1451,,Canada
1452,,U.S.A
1453,,Mexico
1454,,U.S.A
1456,,Japan
1457,,U.S.A
1461,,Costa rica
1463,,Lithuania
1471,,U.S.A
1475,,Ireland
1476,,Belgium
1482,,U.S.A
1487,,U.S.A
1489,,Ecuador
1490,,Peru
1491,,U.S.A
1496,,U.S.A
1499,,Nicaragua
1502,,U.S.A
1509,,Brazil
1510,,U.S.A
1511,,Chile
1513,,Scotland
1515,,New zealand
1521,,U.S.A
1523,,Germany
1525,,U.S.A
1529,,Canada
1533,,Ghana
1534,,Iceland
1538,,Canada
1543,,South africa
1544,,Switzerland
1550,,U.S.A
1552,,Peru
1554,,Ecuador
1566,,Japan
1569,,Canada
1584,,Spain
1591,,U.S.A
1592,,U.S.A
1596,,U.S.A
1599,,Peru
1601,,U.S.A
1607,,U.k.
1609,,U.S.A
1610,,U.S.A
1611,,Canada
1612,,Belgium
1628,,U.S.A
1631,,U.S.A
1632,,U.S.A
1641,,U.S.A
1643,,U.S.A
1651,,France
1677,,U.S.A
1679,,South korea
1680,,U.k.
1690,,Italy
1696,,Brazil
1702,,Canada
1705,,Mexico
1707,,U.S.A
1713,,Guatemala
1714,,U.S.A
1717,,France
1718,,U.S.A
1723,,Ecuador
1728,,U.S.A
1740,,U.S.A
1743,,South korea
1746,,Madagascar
1748,,U.S.A
1764,,Hungary
1772,,Italy
1775,,U.S.A
1777,,Argentina
1781,,Ecuador
1782,,Colombia
1787,,France
1788,,U.S.A
1805,,U.k.
1807,,U.S.A
1812,,U.S.A
1815,,U.S.A
1821,,U.S.A
1823,,Peru
1825,,Costa rica
1827,,Italy
1831,,Canada
1843,,U.S.A
1845,,Australia
1862,,U.S.A
1865,,Netherlands
1866,,India
1867,,U.S.A
1869,,U.k.
1872,,New zealand
1874,,U.S.A
1882,,Canada
1934,,U.S.A
1936,,Canada
1942,,U.S.A
1945,,Australia
1949,,U.S.A
1952,,Switzerland
1953,,U.S.A
1955,,U.S.A
1960,,Switzerland
1962,,U.S.A
1965,,U.S.A
1968,,U.S.A
1970,,Denmark
1972,,Venezuela
1974,,Sweden
1976,,Japan
1981,,Canada
1984,,Hungary
1999,,U.S.A
2003,,Japan
2007,,Vietnam
2009,,Suriname
2010,,U.S.A
2013,,Switzerland
2015,,U.S.A
2019,,U.S.A
2026,,U.S.A
2040,,U.S.A
2052,,Sweden
2053,,U.S.A
2059,,Japan
2060,,U.S.A
2061,,Colombia
2063,,Germany
2064,,U.S.A
2065,,Ecuador
2066,,U.S.A
2069,,U.k.
2073,,South korea
2074,,U.S.A
2075,,Peru
2077,,Canada
2080,,U.S.A
2087,,U.S.A
2088,,Canada
2091,,U.S.A
2093,,U.S.A
2095,,Italy
2096,,Spain
2098,,Canada
2099,,France
2121,,Madagascar
2124,,U.S.A
2129,,U.S.A
2134,,France
2135,,U.S.A
2136,,U.S.A
2137,,U.S.A
2142,,U.S.A
2147,,New zealand
2150,,U.S.A
2152,,Ireland
2156,,U.k.
2163,,U.S.A
2168,,U.S.A
2176,,Dominican republic
2177,,El salvador
2180,,U.S.A
2182,,U.S.A
2188,,Austria
2194,,Australia
2199,,Belgium
2203,,Austria
